no,source_provider,source_clip_id,semantic_unit_id,pose_id,pose_description,action_name_proposed_ko,action_name_proposed_en,confidence,visual_evidence,ambiguity,decision,action_name_final,reviewer_notes
1,CMU,cmu:104_26,pose:cmu_104_26_00785,cmu_104_26_00785,"정적 자세 특징: 상체를 뒤로 젖힘, 양팔을 넓게 벌림, 한쪽 팔을 어깨 위로 듦, 한쪽 발을 골반 뒤에 둠, 두 발을 넓게 벌림",바닥에 앉아 한팔 뻗기,seated floor reach,low,바닥에 앉아 두 다리를 뻗고 한팔을 위로 든 정적 자세,넘어짐·일어나기·춤 동작 중 어느 순간인지는 단일 프레임으로 구분 불가,,,
2,CMU,cmu:104_31,pose:cmu_104_31_00998,cmu_104_31_00998,"정적 자세 특징: 상체를 세움, 한쪽 발을 골반 뒤에 둠, 두 발을 넓게 벌림",걷기,walking,medium,교차 보행 자세이며 인접한 CMU 104 trial도 보행 계열,정확한 보행 방향과 회전 여부는 불명,,,
3,CMU,cmu:106_15,pose:cmu_106_15_00998,cmu_106_15_00998,"정적 자세 특징: 상체를 뒤로 젖힘, 양팔을 넓게 벌림, 한쪽 발을 골반 뒤에 둠",쪼그려 앉기,crouching down,medium,양 무릎을 굽히고 엉덩이를 낮추며 양팔을 앞으로 뻗음,의자에 앉는 중인지 스쿼트인지 구분 불가,,,
4,CMU,cmu:107_09,pose:cmu_107_09_00281,cmu_107_09_00281,"정적 자세 특징: 상체를 세움, 한쪽 다리를 듦, 한쪽 발을 골반 뒤에 둠, 두 발을 넓게 벌림",장애물 넘기,stepping over an obstacle,high,CMU subject 107 공식 문맥은 walking with obstacles 1이며 한쪽 무릎을 높게 듦,장애물 높이와 보행 방향은 불명,,,
5,CMU,cmu:108_19,pose:cmu_108_19_00150,cmu_108_19_00150,"정적 자세 특징: 상체를 세움, 한쪽 다리를 듦, 한쪽 발을 골반 뒤에 둠, 두 발을 넓게 벌림",장애물 넘기,stepping over an obstacle,high,CMU subject 108 공식 문맥은 walking with obstacles 2이며 한쪽 발을 들어 전진함,계단·낮은 장애물 등 구체 종류는 불명,,,
6,CMU,cmu:108_20,pose:cmu_108_20_00136,cmu_108_20_00136,"정적 자세 특징: 상체를 세움, 한쪽 다리를 듦, 한쪽 발을 골반 뒤에 둠, 두 발을 넓게 벌림",장애물 넘기,stepping over an obstacle,high,CMU subject 108 공식 문맥과 한발을 들고 양팔로 균형 잡는 자세,정확한 장애물 종류는 불명,,,
7,CMU,cmu:108_21,pose:cmu_108_21_00212,cmu_108_21_00212,"정적 자세 특징: 상체를 뒤로 젖힘, 한쪽 발을 골반 뒤에 둠, 두 발을 넓게 벌림",장애물을 향해 몸 숙여 내딛기,leaning into an obstacle step,medium,CMU subject 108 공식 문맥이며 상체를 숙이고 한발을 길게 내딛음,넘기 전·후 phase는 구분 불가,,,
8,CMU,cmu:117_01,pose:cmu_117_01_00665,cmu_117_01_00665,"정적 자세 특징: 팔꿈치를 폄, 한쪽 발을 골반 뒤에 둠, 두 발을 넓게 벌림",낮게 웅크려 옆으로 내딛기,low crouched side step,low,몸을 낮추고 한쪽 무릎을 깊게 굽힌 넓은 자세,춤·회피·런지 중 실제 의도 불명,,,
9,CMU,cmu:117_04,pose:cmu_117_04_00589,cmu_117_04_00589,"정적 자세 특징: 한쪽 팔을 어깨 위로 듦, 팔꿈치를 폄, 한쪽 발을 골반 뒤에 둠, 두 발을 넓게 벌림",플로어 댄스,floor dance move,medium,한손으로 바닥을 지지하고 낮게 앉아 다른 팔을 위로 뻗음,브레이크댄스의 정확한 기술명은 단일 프레임으로 확정 불가,,,
9,CMU,cmu:117_04,pose:cmu_117_04_02030,cmu_117_04_02030,"정적 자세 특징: 상체를 뒤로 젖힘, 한쪽 팔을 어깨 위로 듦, 팔꿈치를 폄, 한쪽 발을 골반 뒤에 둠, 두 발을 넓게 벌림",플로어 댄스,floor dance move,medium,같은 source clip에서 바닥에 낮게 앉아 한쪽 다리를 길게 뻗음,정확한 춤 종류와 기술명 불명,,,
10,CMU,cmu:117_05,pose:cmu_117_05_01382_ground,cmu_117_05_01382_ground,정적 자세 특징: 상체를 뒤로 젖힘,네발로 웅크리기,crouching on all fours,medium,양손을 아래로 내리고 무릎을 깊게 굽혀 네발 지지에 가까움,기어가기·착지·일어나기 중 phase 불명,,,
11,CMU,cmu:117_07,pose:cmu_117_07_00590,cmu_117_07_00590,"정적 자세 특징: 한쪽 다리를 듦, 한쪽 발을 골반 뒤에 둠, 두 발을 넓게 벌림",옆차기,side kick,high,한발로 서고 다른 다리를 옆으로 곧게 차올림,무술 동작인지 춤의 다리 뻗기인지 출처 확인 필요,,,
12,CMU,cmu:117_08,pose:cmu_117_08_00677_ground,cmu_117_08_00677_ground,"정적 자세 특징: 상체를 앞으로 숙임, 팔꿈치를 폄, 한쪽 다리를 듦, 한쪽 발을 골반 뒤에 둠, 두 발을 넓게 벌림",한손 물구나무,one-hand handstand,high,한손으로 바닥을 지지하고 두 다리를 위·옆으로 크게 벌림,플레어 등 구체적인 플로어 기술명은 불명,,,
13,CMU,cmu:117_10,pose:cmu_117_10_00516_ground,cmu_117_10_00516_ground,"정적 자세 특징: 상체를 앞으로 숙임, 한쪽 팔을 어깨 위로 듦, 한쪽 다리를 듦, 한쪽 발을 골반 뒤에 둠, 두 발을 넓게 벌림",한손 지지 플로어 프리즈,one-hand floor freeze,high,몸을 옆으로 눕혀 한팔로 지지하고 다리를 벌림,정확한 브레이크댄스 기술명은 불명,,,
14,CMU,cmu:117_12,pose:cmu_117_12_01268,cmu_117_12_01268,"정적 자세 특징: 상체를 세움, 두 발을 넓게 벌림",옆으로 내딛으며 팔 벌리기,side step with arms open,medium,다리를 넓게 내딛고 양팔을 서로 다른 방향으로 벌림,춤·방어·균형 동작 중 실제 의도 불명,,,
15,CMU,cmu:117_13,pose:cmu_117_13_01149,cmu_117_13_01149,"정적 자세 특징: 상체를 앞으로 숙임, 한쪽 팔을 어깨 위로 듦, 한쪽 다리를 듦, 한쪽 발을 골반 뒤에 둠, 두 발을 넓게 벌림",한손 지지 플로어 프리즈,one-hand floor freeze,high,한손으로 바닥을 짚고 한팔과 한쪽 다리를 위로 듦,구체적인 플로어 기술명은 불명,,,
16,CMU,cmu:117_14,pose:cmu_117_14_01598,cmu_117_14_01598,"정적 자세 특징: 상체를 뒤로 젖힘, 양팔을 넓게 벌림, 팔꿈치를 폄",바닥에 앉아 양손 지지하기,seated floor support,medium,몸을 낮게 앉히고 양손으로 바닥을 지지함,일어나기·착지·플로어 댄스 phase 불명,,,
17,CMU,cmu:117_15,pose:cmu_117_15_00713,cmu_117_15_00713,"정적 자세 특징: 상체를 앞으로 숙임, 양팔을 넓게 벌림, 팔꿈치를 폄, 한쪽 다리를 듦, 한쪽 발을 골반 뒤에 둠, 두 발을 넓게 벌림",상체 숙여 한쪽 다리 뒤로 뻗기,forward lean with one leg extended back,high,한발로 지지하며 상체를 앞으로 숙이고 반대 다리를 뒤로 길게 뻗음,아라베스크·달리기·균형 동작 중 실제 의도 불명,,,
18,CMU,cmu:121_02,pose:cmu_121_02_00360,cmu_121_02_00360,"정적 자세 특징: 상체를 뒤로 젖힘, 한쪽 팔을 어깨 위로 듦, 팔꿈치를 폄, 두 발을 넓게 벌림",한팔 올린 춤 동작,dance pose with one arm raised,medium,교차 스텝에 한팔을 위로 뻗은 연출성 자세,춤 종류와 동작 phase 불명,,,
19,CMU,cmu:121_07,pose:cmu_121_07_00711,cmu_121_07_00711,"정적 자세 특징: 상체를 앞으로 숙임, 한쪽 팔을 어깨 위로 듦, 팔꿈치를 폄, 한쪽 다리를 듦, 한쪽 발을 골반 뒤에 둠",한발 균형 춤 동작,one-leg balance dance pose,medium,한발로 서서 반대 무릎을 높이고 한팔을 위로 뻗음,춤·체조·균형 훈련 중 실제 의도 불명,,,
19,CMU,cmu:121_07,pose:cmu_121_07_00757,cmu_121_07_00757,"정적 자세 특징: 상체를 뒤로 젖힘, 한쪽 팔을 어깨 위로 듦, 팔꿈치를 폄, 두 발을 넓게 벌림",낮게 앉아 한팔 뻗는 춤 동작,low dance pose with one arm extended,medium,같은 source clip에서 몸을 낮추고 한팔을 대각선 위로 뻗음,춤 종류와 연결 동작 불명,,,
20,CMU,cmu:121_14,pose:cmu_121_14_00472,cmu_121_14_00472,"정적 자세 특징: 상체를 뒤로 젖힘, 팔꿈치를 폄",똑바로 서 있기,standing upright,high,양발을 모으고 양팔을 자연스럽게 내려 정면으로 섬,동작 시작·종료의 중립 자세일 수 있음,,,
21,CMU,cmu:121_15,pose:cmu_121_15_00457_ground,cmu_121_15_00457_ground,정적 자세 특징: 상체를 뒤로 젖힘,허리 숙여 양팔 내리기,forward bend with arms hanging,high,상체를 깊게 숙이고 양팔을 아래로 늘어뜨림,절하기·스트레칭·물건 집기 중 의도 불명,,,
22,CMU,cmu:121_17,pose:cmu_121_17_00372,cmu_121_17_00372,"정적 자세 특징: 상체를 앞으로 숙임, 한쪽 팔을 어깨 위로 듦, 한쪽 다리를 듦, 한쪽 발을 골반 뒤에 둠, 두 발을 넓게 벌림",한발 균형 잡으며 다리 앞으로 뻗기,one-leg balance with leg extended forward,high,한발로 서고 다른 다리를 앞으로 곧게 뻗으며 한팔도 전방으로 듦,킥·체조·춤 중 실제 의도 불명,,,
23,CMU,cmu:121_25,pose:cmu_121_25_00908,cmu_121_25_00908,정적 자세 특징: 한쪽 팔을 어깨 위로 듦,한팔 머리 위로 올리는 춤 동작,dance pose with one arm overhead,medium,한팔을 머리 위로 굽혀 올리고 다른 팔을 몸 앞에 둠,춤 종류와 손 제스처 불명,,,
23,CMU,cmu:121_25,pose:cmu_121_25_01201,cmu_121_25_01201,"정적 자세 특징: 상체를 뒤로 젖힘, 양팔을 넓게 벌림, 한쪽 다리를 듦, 한쪽 발을 골반 뒤에 둠, 두 발을 넓게 벌림",한쪽 무릎 들고 균형 잡기,balancing with one knee raised,high,한발로 지지하며 반대 무릎을 옆으로 높게 들고 양팔을 굽힘,춤·체조 중 실제 의도 불명,,,
24,CMU,cmu:121_28,pose:cmu_121_28_00572_ground,cmu_121_28_00572_ground,"정적 자세 특징: 상체를 앞으로 숙임, 한쪽 팔을 어깨 위로 듦, 한쪽 다리를 듦, 한쪽 발을 골반 뒤에 둠",옆으로 누워 한쪽 다리 들기,side-lying leg raise,high,옆으로 누운 채 한쪽 다리를 위로 곧게 들어 올림,운동·춤·넘어짐 중 맥락 불명,,,
25,CMU,cmu:121_29,pose:cmu_121_29_00190_ground,cmu_121_29_00190_ground,"정적 자세 특징: 상체를 뒤로 젖힘, 팔꿈치를 폄, 한쪽 다리를 듦",서서 깊게 허리 숙이기,deep standing forward bend,high,서서 상체를 거의 수평 아래로 숙이고 양팔을 내림,스트레칭·물건 집기·춤 중 의도 불명,,,
26,CMU,cmu:121_30,pose:cmu_121_30_00955,cmu_121_30_00955,"정적 자세 특징: 한쪽 팔을 어깨 위로 듦, 한쪽 다리를 듦, 한쪽 발을 골반 뒤에 둠",바닥에 앉아 팔 앞으로 모으기,seated floor pose with arms forward,medium,바닥에 앉아 한쪽 다리를 뻗고 양팔을 몸 앞으로 모음,춤·스트레칭·넘어짐 후 자세 중 의도 불명,,,
27,CMU,cmu:122_11,pose:cmu_122_11_00096,cmu_122_11_00096,"정적 자세 특징: 상체를 세움, 팔꿈치를 폄, 한쪽 발을 골반 뒤에 둠",긴 보폭으로 내딛기,taking a long step,high,CMU subject 122 공식 문맥은 varying height and length steps이며 양팔을 앞으로 뻗고 긴 스텝 자세,보폭 높이와 방향은 불명,,,
28,CMU,cmu:63_04,pose:cmu_63_04_00333,cmu_63_04_00333,"정적 자세 특징: 상체를 앞으로 숙임, 한쪽 팔을 어깨 위로 듦",골프 백스윙,golf backswing,high,CMU subject 63 공식 문맥은 golf이며 양손을 머리 위 뒤쪽으로 모음,클럽은 스켈레톤에 없지만 source 문맥으로 확인,,,
29,CMU,cmu:63_21,pose:cmu_63_21_00312_ground,cmu_63_21_00312_ground,"정적 자세 특징: 상체를 뒤로 젖힘, 팔꿈치를 폄, 한쪽 발을 골반 뒤에 둠",골프 어드레스,golf address stance,high,CMU subject 63 공식 문맥은 golf이며 상체를 숙이고 양손을 아래로 모으는 준비 자세,퍼팅과 일반 스윙 준비 자세의 세부 구분은 불명,,,
30,CMU,cmu:80_67,pose:cmu_80_67_01745,cmu_80_67_01745,"정적 자세 특징: 상체를 세움, 두 발을 넓게 벌림",다리 벌리고 양손 모으기,wide step with hands together,low,한쪽 다리를 길게 벌리고 양손을 골반 앞쪽에 모음,CMU assorted motions의 해당 trial 설명이 비어 있어 실제 행동 의도 불명,,,
31,CMU,cmu:94_04,pose:cmu_94_04_00299,cmu_94_04_00299,"정적 자세 특징: 상체를 세움, 한쪽 팔을 어깨 위로 듦, 한쪽 다리를 듦, 한쪽 발을 골반 뒤에 둠, 두 발을 넓게 벌림",인도 전통 춤 - 한발 균형,Indian dance one-leg balance,high,CMU subject 94 공식 문맥은 indian dance이며 한발을 들고 양팔을 비대칭으로 뻗음,구체적인 춤 양식과 동작명은 불명,,,
32,CMU,cmu:94_09,pose:cmu_94_09_00946,cmu_94_09_00946,"정적 자세 특징: 상체를 세움, 한쪽 발을 골반 뒤에 둠",인도 전통 춤 - 무릎 굽힌 동작,Indian dance bent-knee pose,high,CMU subject 94 공식 문맥은 indian dance이며 무릎을 굽히고 양팔을 벌림,구체적인 춤 양식과 동작명은 불명,,,
33,CMU,cmu:94_13,pose:cmu_94_13_00950,cmu_94_13_00950,"정적 자세 특징: 상체를 세움, 한쪽 팔을 어깨 위로 듦, 한쪽 발을 골반 뒤에 둠, 두 발을 넓게 벌림",인도 전통 춤 - 한팔 올린 스텝,Indian dance step with one arm raised,high,CMU subject 94 공식 문맥은 indian dance이며 한팔을 위로 들고 보행 스텝을 취함,구체적인 춤 양식과 동작명은 불명,,,
34,CMU,cmu:94_14,pose:cmu_94_14_00998,cmu_94_14_00998,"정적 자세 특징: 상체를 세움, 한쪽 팔을 어깨 위로 듦, 한쪽 다리를 듦",인도 전통 춤 - 한발 들기,Indian dance one-leg raised pose,high,CMU subject 94 공식 문맥은 indian dance이며 한팔과 한쪽 다리를 들어 균형을 잡음,구체적인 춤 양식과 동작명은 불명,,,
35,CMU,cmu:94_15,pose:cmu_94_15_00315,cmu_94_15_00315,"정적 자세 특징: 상체를 세움, 두 발을 넓게 벌림",인도 전통 춤 - 팔 벌린 교차 스텝,Indian dance cross-step with arms open,high,CMU subject 94 공식 문맥은 indian dance이며 다리를 교차하고 양팔을 넓게 벌림,구체적인 춤 양식과 동작명은 불명,,,
